{"452540880948035585":{},"516988345201459210":{"YaKTBieQmGaLpRAk":{"icon":"https://cdn.discordapp.com/icons/694525930999382036/e998b0522a9a1e53de7befe2e8ef3cec.jpg","name":"Çay Bot","owner":"516988345201459210","members":2,"createdAt":"2020-03-31T12:38:05.618Z","roles":[{"name":"Çay","color":0,"hoist":false,"permissions":8,"mentionable":false,"position":1}],"channels":[{"type":"category","name":"Metin Kanalları","postion":1},{"type":"text","name":"genel","postion":0,"parent":"Metin Kanalları"}]},"lsevsixCWnm3vogL":{"icon":"https://cdn.discordapp.com/icons/694525930999382036/e998b0522a9a1e53de7befe2e8ef3cec.jpg","name":"Çay Bot","owner":"516988345201459210","members":3,"createdAt":"2020-03-31T12:38:05.618Z","roles":[{"name":"Çay","color":0,"hoist":false,"permissions":8,"mentionable":false,"position":1}],"channels":[{"type":"category","name":"Metin Kanalları","postion":1},{"type":"text","name":"genel","postion":0,"parent":"Metin Kanalları"}]}}}